Country Code,Country Name,Series,Classification,2017,2018,2019,2020,2021,2022,2023
"AFG","Afghanistan","9270000: General government final consumption expenditure","PPP (LCU per US$)",,,,,,,
"ALB","Albania","9270000: General government final consumption expenditure","PPP (LCU per US$)",17.8515529632568,18.6363906860352,17.6495552062988,18.1999282836914,18.6611804962158,,
"DZA","Algeria","9270000: General government final consumption expenditure","PPP (LCU per US$)",17.8983325958252,18.9805145263672,19.1227989196777,19.7604141235352,20.9409065246582,,
"AND","Andorra","9270000: General government final consumption expenditure","PPP (LCU per US$)",,,,,,,
"AGO","Angola","9270000: General government final consumption expenditure","PPP (LCU per US$)",40.3111267089844,48.3151168823242,51.3585472106934,60.9028663635254,68.9595260620117,,
"AIA","Anguilla","9270000: General government final consumption expenditure","PPP (LCU per US$)",1.26568174362183,1.20672130584717,1.08746933937073,1.03316009044647,1.0130603313446,,
"ATG","Antigua and Barbuda","9270000: General government final consumption expenditure","PPP (LCU per US$)",1.03244984149933,0.992398858070374,0.920756578445435,0.9069944024086,0.924111187458038,,
"ARG","Argentina","9270000: General government final consumption expenditure","PPP (LCU per US$)",5.97139167785645,7.2637791633606,10.8742799758911,13.739896774292,19.3381462097168,,
"ARM","Armenia","9270000: General government final consumption expenditure","PPP (LCU per US$)",65.7061004638672,81.821647644043,70.7542419433594,69.5811386108398,74.9909973144531,,
"ABW","Aruba","9270000: General government final consumption expenditure","PPP (LCU per US$)",0.88880842924118,0.860655844211578,0.875519633293152,0.847058594226837,0.796245157718658,,
"AUS","Australia","9270000: General government final consumption expenditure","PPP (LCU per US$)",1.28959655761719,1.28494453430176,1.28645002841949,1.26303422451019,1.26427793502808,,
"AUT","Austria","9270000: General government final consumption expenditure","PPP (LCU per US$)",0.725994050502777,0.736306726932526,0.687295973300934,0.695647537708282,0.668534219264984,,
"AZE","Azerbaijan","9270000: General government final consumption expenditure","PPP (LCU per US$)",0.204239800572395,0.299109846353531,0.257855623960495,0.304307579994202,0.247289329767227,,
"BHS","Bahamas, The","9270000: General government final consumption expenditure","PPP (LCU per US$)",0.496954202651978,,,,,,
"BHR","Bahrain","9270000: General government final consumption expenditure","PPP (LCU per US$)",0.121776513755322,0.120538309216499,0.108217887580395,0.0938539803028107,0.116806037724018,,
"BGD","Bangladesh","9270000: General government final consumption expenditure","PPP (LCU per US$)",23.1160068511963,22.6557292938232,21.9857521057129,21.1047286987305,20.5480251312256,,
"BRB","Barbados","9270000: General government final consumption expenditure","PPP (LCU per US$)",1.51753163337708,,,,,,
"BLR","Belarus","9270000: General government final consumption expenditure","PPP (LCU per US$)",0.265336632728577,0.33663147687912,0.31500318646431,0.326359152793884,0.379242062568665,,
"BEL","Belgium","9270000: General government final consumption expenditure","PPP (LCU per US$)",0.735842704772949,0.744814157485962,0.68665599822998,0.674275100231171,0.654980599880219,,
"BLZ","Belize","9270000: General government final consumption expenditure","PPP (LCU per US$)",0.894060552120209,0.855892181396484,0.797586500644684,0.787695705890656,0.755218207836151,,
"BEN","Benin","9270000: General government final consumption expenditure","PPP (LCU per US$)",132.37841796875,132.126251220703,127.970542907715,130.458023071289,127.97972869873,,
"BMU","Bermuda","9270000: General government final consumption expenditure","PPP (LCU per US$)",1.16406500339508,1.14719045162201,1.04136896133423,0.955618143081665,0.912127912044525,,
"BTN","Bhutan","9270000: General government final consumption expenditure","PPP (LCU per US$)",9.01334762573242,9.24774837493896,9.24198341369629,9.04738140106201,9.06863403320313,,
"BOL","Bolivia","9270000: General government final consumption expenditure","PPP (LCU per US$)",2.53952550888062,2.76455163955688,2.70506811141968,2.76729607582092,2.68062424659729,,
"BON","Bonaire","9270000: General government final consumption expenditure","PPP (LCU per US$)",,,,,,,
"BIH","Bosnia and Herzegovina","9270000: General government final consumption expenditure","PPP (LCU per US$)",0.407856583595276,0.419830411672592,0.399028658866882,0.397424340248108,0.393848568201065,,
"BWA","Botswana","9270000: General government final consumption expenditure","PPP (LCU per US$)",2.80371451377869,2.99201798439026,3.06919050216675,3.16151785850525,3.35587978363037,,
"BRA","Brazil","9270000: General government final consumption expenditure","PPP (LCU per US$)",1.80448818206787,1.83425712585449,1.89855468273163,2.03811264038086,2.06623220443726,,
"VGB","British Virgin Islands","9270000: General government final consumption expenditure","PPP (LCU per US$)",0.98936665058136,,,,,,
"BRN","Brunei Darussalam","9270000: General government final consumption expenditure","PPP (LCU per US$)",0.338811248540878,0.378268212080002,0.349988907575607,0.297045201063156,0.297432124614716,,
"BGR","Bulgaria","9270000: General government final consumption expenditure","PPP (LCU per US$)",0.357700526714325,0.37542200088501,0.370681405067444,0.39872670173645,0.4107366502285,,
"BFA","Burkina Faso","9270000: General government final consumption expenditure","PPP (LCU per US$)",165.648254394531,175.153656005859,167.31640625,167.663284301758,168.06852722168,,
"BDI","Burundi","9270000: General government final consumption expenditure","PPP (LCU per US$)",383.857788085938,370.522186279297,349.858367919922,366.639923095703,375.277709960938,,
"CPV","Cabo Verde","9270000: General government final consumption expenditure","PPP (LCU per US$)",27.8351993560791,27.6166477203369,26.0954151153564,25.4137783050537,24.4323787689209,,
"KHM","Cambodia","9270000: General government final consumption expenditure","PPP (LCU per US$)",978.081787109375,957.982055664063,957.177734375,951.278259277344,965.572631835938,,
"CMR","Cameroon","9270000: General government final consumption expenditure","PPP (LCU per US$)",143.493103027344,137.494262695313,129.601867675781,123.577613830566,113.967109680176,,
"CAN","Canada","9270000: General government final consumption expenditure","PPP (LCU per US$)",1.02746951580048,1.041344165802,1.06182408332825,1.03667020797729,1.01937985420227,,
"CYM","Cayman Islands","9270000: General government final consumption expenditure","PPP (LCU per US$)",0.864345252513886,0.864543318748474,0.850323557853699,0.804124414920807,0.798752427101135,,
"CAF","Central African Republic","9270000: General government final consumption expenditure","PPP (LCU per US$)",138.370574951172,133.600799560547,125.837585449219,119.699783325195,113.174713134766,,
"TCD","Chad","9270000: General government final consumption expenditure","PPP (LCU per US$)",176.775009155273,180.765853881836,165.298675537109,172.363037109375,162.695114135742,,
"CHL","Chile","9270000: General government final consumption expenditure","PPP (LCU per US$)",266.087768554688,253.245910644531,248.998199462891,242.62190246582,245.607376098633,,
"CHN","China","9270000: General government final consumption expenditure","PPP (LCU per US$)",3.69207525253296,3.76111745834351,3.67126655578613,3.65006136894226,3.6972918510437,,
"COL","Colombia","9270000: General government final consumption expenditure","PPP (LCU per US$)",679.953491210938,704.794372558594,679.601196289063,673.907165527344,679.7412109375,,
"COM","Comoros","9270000: General government final consumption expenditure","PPP (LCU per US$)",70.9218673706055,74.8752822875977,77.8346481323242,80.6111373901367,79.4007263183594,,
"COD","Congo, Dem. Rep.","9270000: General government final consumption expenditure","PPP (LCU per US$)",408.746917724609,494.440155029297,432.956878662109,446.477355957031,431.462554931641,,
"COG","Congo, Rep.","9270000: General government final consumption expenditure","PPP (LCU per US$)",141.217758178711,133.321441650391,125.906951904297,123.196250915527,110.673812866211,,
"CRI","Costa Rica","9270000: General government final consumption expenditure","PPP (LCU per US$)",236.051681518555,240.432083129883,234.940567016602,256.702667236328,251.145599365234,,
"CIV","Cote d'Ivoire","9270000: General government final consumption expenditure","PPP (LCU per US$)",185.146591186523,176.862808227539,160.187652587891,156.614349365234,151.998977661133,,
"HRV","Croatia","9270000: General government final consumption expenditure","PPP (LCU per US$)",0.276924431324005,0.28549525141716,0.269142895936966,0.270100384950638,0.264930725097656,,
"CUW","Curacao","9270000: General government final consumption expenditure","PPP (LCU per US$)",0.946737170219421,1.04594802856445,0.997816324234009,0.961806178092957,0.796312749385834,,
"CYP","Cyprus","9270000: General government final consumption expenditure","PPP (LCU per US$)",0.574709951877594,0.583552122116089,0.546259105205536,0.538358569145203,0.522144794464111,,
"CZE","Czechia","9270000: General government final consumption expenditure","PPP (LCU per US$)",7.5780987739563,7.88986825942993,7.63281488418579,7.72491550445557,7.62744998931885,,
"DNK","Denmark","9270000: General government final consumption expenditure","PPP (LCU per US$)",6.07465410232544,6.15578937530518,5.71842384338379,5.65213298797607,5.52623176574707,,
"DJI","Djibouti","9270000: General government final consumption expenditure","PPP (LCU per US$)",76.807991027832,72.4619140625,68.0684509277344,65.1728820800781,59.5389747619629,,
"DMA","Dominica","9270000: General government final consumption expenditure","PPP (LCU per US$)",1.12958574295044,1.08921313285828,1.10954320430756,1.07207846641541,1.0817369222641,,
"DOM","Dominican Republic","9270000: General government final consumption expenditure","PPP (LCU per US$)",11.6988220214844,12.2786092758179,12.7262115478516,13.9345970153809,15.4776382446289,,
"EAB","East Asia & Pacific (Benchmark)","9270000: General government final consumption expenditure","PPP (LCU per US$)",,,,,,,
"ECU","Ecuador","9270000: General government final consumption expenditure","PPP (LCU per US$)",0.408677130937576,0.398632317781448,0.365578204393387,0.380199074745178,0.354401469230652,,
"EGY","Egypt, Arab Rep.","9270000: General government final consumption expenditure","PPP (LCU per US$)",1.63209640979767,1.74432075023651,1.86998224258423,1.6965594291687,1.99972772598267,,
"SLV","El Salvador","9270000: General government final consumption expenditure","PPP (LCU per US$)",0.28146356344223,0.296741783618927,0.281021773815155,0.276936590671539,0.284250050783157,,
"GNQ","Equatorial Guinea","9270000: General government final consumption expenditure","PPP (LCU per US$)",96.3411865234375,97.9758071899414,96.9911422729492,101.381317138672,92.7343368530273,,
"ERI","Eritrea","9270000: General government final consumption expenditure","PPP (LCU per US$)",,,,,,,
"EST","Estonia","9270000: General government final consumption expenditure","PPP (LCU per US$)",0.350392669439316,0.372294992208481,0.369309693574905,0.363147556781769,0.364987194538116,,
"SWZ","Eswatini","9270000: General government final consumption expenditure","PPP (LCU per US$)",4.16754531860352,4.49687480926514,4.26465320587158,4.27996826171875,4.20242071151733,,
"ETH","Ethiopia","9270000: General government final consumption expenditure","PPP (LCU per US$)",5.69532251358032,6.30929374694824,6.88926601409912,7.91498279571533,9.36985397338867,,
"ECB","Europe & Central Asia (Benchmark)","9270000: General government final consumption expenditure","PPP (LCU per US$)",,,,,,,
"FRO","Faroe Islands","9270000: General government final consumption expenditure","PPP (LCU per US$)",,,,,,,
"FJI","Fiji","9270000: General government final consumption expenditure","PPP (LCU per US$)",0.66889500617981,0.69830060005188,0.716164827346802,0.721072435379028,0.686251938343048,,
"FIN","Finland","9270000: General government final consumption expenditure","PPP (LCU per US$)",0.711765706539154,0.713867366313934,0.683194935321808,0.66919082403183,0.659971535205841,,
"FRA","France","9270000: General government final consumption expenditure","PPP (LCU per US$)",0.628394961357117,0.625930070877075,0.564507722854614,0.554203569889069,0.542086958885193,,
"GAB","Gabon","9270000: General government final consumption expenditure","PPP (LCU per US$)",124.717559814453,129.482238769531,124.423156738281,122.542297363281,108.788284301758,,
"GMB","Gambia, The","9270000: General government final consumption expenditure","PPP (LCU per US$)",8.37817287445068,8.23504734039307,8.5176944732666,7.40687084197998,8.71570205688477,,
"GEO","Georgia","9270000: General government final consumption expenditure","PPP (LCU per US$)",0.385480254888535,0.399314314126968,0.388050854206085,0.400433540344238,0.39328870177269,,
"DEU","Germany","9270000: General government final consumption expenditure","PPP (LCU per US$)",0.63280588388443,0.643915295600891,0.608964204788208,0.604009568691254,0.596010625362396,,
"GHA","Ghana","9270000: General government final consumption expenditure","PPP (LCU per US$)",1.03377628326416,1.04506754875183,1.02382111549377,1.0544764995575,1.05636787414551,,
"GRC","Greece","9270000: General government final consumption expenditure","PPP (LCU per US$)",0.439146280288696,0.435477614402771,0.408391922712326,0.392050862312317,0.376853466033936,,
"GRL","Greenland","9270000: General government final consumption expenditure","PPP (LCU per US$)",,,,,,,
"GRD","Grenada","9270000: General government final consumption expenditure","PPP (LCU per US$)",1.0806006193161,1.0104398727417,0.995723485946655,0.960105895996094,0.95136570930481,,
"GTM","Guatemala","9270000: General government final consumption expenditure","PPP (LCU per US$)",,,,,3.14926028251648,,
"GIN","Guinea","9270000: General government final consumption expenditure","PPP (LCU per US$)",1714.18640136719,1788.39294433594,1834.39562988281,1906.77587890625,1934.34582519531,,
"GNB","Guinea-Bissau","9270000: General government final consumption expenditure","PPP (LCU per US$)",123.679786682129,123.002540588379,120.281402587891,121.181930541992,119.015617370605,,
"GUY","Guyana","9270000: General government final consumption expenditure","PPP (LCU per US$)",52.9085273742676,53.5481147766113,57.5501937866211,44.9276390075684,55.9111328125,,
"HTI","Haiti","9270000: General government final consumption expenditure","PPP (LCU per US$)",17.3584079742432,,,,,,
"HIB","High income (Benchmark)","9270000: General government final consumption expenditure","PPP (LCU per US$)",,,,,,,
"HND","Honduras","9270000: General government final consumption expenditure","PPP (LCU per US$)",9.75811576843262,9.1398229598999,8.24655723571777,7.44186544418335,6.75751352310181,,
"HKG","Hong Kong SAR, China","9270000: General government final consumption expenditure","PPP (LCU per US$)",5.50436925888062,5.66727209091187,5.58513641357422,5.45496654510498,5.18467903137207,,
"HUN","Hungary","9270000: General government final consumption expenditure","PPP (LCU per US$)",85.854133605957,90.7612228393555,89.4209518432617,89.0020294189453,91.5063629150391,,
"ISL","Iceland","9270000: General government final consumption expenditure","PPP (LCU per US$)",130.570724487305,140.959930419922,133.992431640625,135.461502075195,134.810760498047,,
"IND","India","9270000: General government final consumption expenditure","PPP (LCU per US$)",19.3507308959961,19.989538192749,19.9530906677246,20.76784324646,21.8914756774902,,
"IDN","Indonesia","9270000: General government final consumption expenditure","PPP (LCU per US$)",3208.41259765625,3197.35791015625,2982.52661132813,3032.7919921875,3006.16040039063,,
"IRN","Iran, Islamic Rep.","9270000: General government final consumption expenditure","PPP (LCU per US$)",6641.41259765625,,,,,,
"IRQ","Iraq","9270000: General government final consumption expenditure","PPP (LCU per US$)",433.890625,427.450347900391,402.772766113281,334.015991210938,392.481323242188,,
"IRL","Ireland","9270000: General government final consumption expenditure","PPP (LCU per US$)",0.741717040538788,0.754800260066986,0.727948665618896,0.735061943531036,0.728780508041382,,
"ISR","Israel","9270000: General government final consumption expenditure","PPP (LCU per US$)",3.09292387962341,3.12507104873657,3.10764050483704,2.97773766517639,2.92498421669006,,
"ITA","Italy","9270000: General government final consumption expenditure","PPP (LCU per US$)",0.624733448028564,0.63018786907196,0.582107663154602,0.564098358154297,0.54941600561142,,
"JAM","Jamaica","9270000: General government final consumption expenditure","PPP (LCU per US$)",43.9819068908691,44.6495094299316,43.7568130493164,43.6163635253906,45.3298645019531,,
"JPN","Japan","9270000: General government final consumption expenditure","PPP (LCU per US$)",75.8511352539063,74.7548904418945,71.8949432373047,71.7179718017578,68.7509613037109,,
"JOR","Jordan","9270000: General government final consumption expenditure","PPP (LCU per US$)",0.19234561920166,0.187370926141739,0.173000797629356,0.153843089938164,0.190453916788101,,
"KAZ","Kazakhstan","9270000: General government final consumption expenditure","PPP (LCU per US$)",47.0628128051758,63.5232238769531,52.8205451965332,57.4511833190918,62.4885444641113,,
"KEN","Kenya","9270000: General government final consumption expenditure","PPP (LCU per US$)",28.8773422241211,30.7633495330811,31.916145324707,33.8523826599121,35.220516204834,,
"KOR","Korea, Rep.","9270000: General government final consumption expenditure","PPP (LCU per US$)",659.610778808594,626.957763671875,621.021606445313,616.273376464844,607.961181640625,,
"XKX","Kosovo","9270000: General government final consumption expenditure","PPP (LCU per US$)",,,,,,,
"KWT","Kuwait","9270000: General government final consumption expenditure","PPP (LCU per US$)",0.204853311181068,0.201353758573532,0.195428267121315,0.172325417399406,0.20540326833725,,
"KGZ","Kyrgyz Republic","9270000: General government final consumption expenditure","PPP (LCU per US$)",6.83465147018433,9.87245178222656,8.94874668121338,8.88504505157471,8.40020084381104,,
"LAO","Lao PDR","9270000: General government final consumption expenditure","PPP (LCU per US$)",1328.91149902344,1350.51867675781,1359.08630371094,1422.64929199219,1469.03295898438,,
"LCB","Latin America & Caribbean (Benchmark)","9270000: General government final consumption expenditure","PPP (LCU per US$)",,,,,,,
"LVA","Latvia","9270000: General government final consumption expenditure","PPP (LCU per US$)",0.291510283946991,0.309254139661789,0.304822951555252,0.299839675426483,0.313201785087585,,
"LBN","Lebanon","9270000: General government final consumption expenditure","PPP (LCU per US$)",432.389177638049,436.83447265625,411.674591064453,843.413635253906,1399.78198242188,,
"LSO","Lesotho","9270000: General government final consumption expenditure","PPP (LCU per US$)",4.85904693603516,5.19556713104248,5.40637063980103,5.6743106842041,5.52335023880005,,
"LBR","Liberia","9270000: General government final consumption expenditure","PPP (LCU per US$)",40.7983283996582,46.6655006408691,48.6371154785156,52.8704605102539,48.3097534179688,,
"LBY","Libya","9270000: General government final consumption expenditure","PPP (LCU per US$)",,,,,,,
"LTU","Lithuania","9270000: General government final consumption expenditure","PPP (LCU per US$)",0.257516920566559,0.275198519229889,0.263166785240173,0.274327099323273,0.27664652466774,,
"LIB","Low income (Benchmark)","9270000: General government final consumption expenditure","PPP (LCU per US$)",,,,,,,
"LMB","Lower middle income (Benchmark)","9270000: General government final consumption expenditure","PPP (LCU per US$)",,,,,,,
"LUX","Luxembourg","9270000: General government final consumption expenditure","PPP (LCU per US$)",1.01121819019318,1.04775941371918,0.979404509067535,1.0012983083725,0.967743873596191,,
"MAC","Macao SAR, China","9270000: General government final consumption expenditure","PPP (LCU per US$)",,,,,,,
"MDG","Madagascar","9270000: General government final consumption expenditure","PPP (LCU per US$)",704.485107421875,827.538879394531,908.554626464844,975.5078125,1058.89392089844,,
"MWI","Malawi","9270000: General government final consumption expenditure","PPP (LCU per US$)",207.282592773438,234.60481262207,254.89860534668,267.1474609375,279.349914550781,,
"MYS","Malaysia","9270000: General government final consumption expenditure","PPP (LCU per US$)",1.22797703742981,1.24754369258881,1.23967587947845,1.25189781188965,1.23215198516846,,
"MDV","Maldives","9270000: General government final consumption expenditure","PPP (LCU per US$)",4.59475374221802,4.66343641281128,4.66191720962524,4.72608423233032,4.85470008850098,,
"MLI","Mali","9270000: General government final consumption expenditure","PPP (LCU per US$)",159.467315673828,159.259201049805,155.429962158203,158.312561035156,162.031448364258,,
"MLT","Malta","9270000: General government final consumption expenditure","PPP (LCU per US$)",0.435553818941116,0.445417076349258,0.419578820466995,0.428536832332611,0.422128319740295,,
"MRT","Mauritania","9270000: General government final consumption expenditure","PPP (LCU per US$)",4.95016622543335,5.32070064544678,5.34855890274048,5.66304969787598,6.6666374206543,,
"MUS","Mauritius","9270000: General government final consumption expenditure","PPP (LCU per US$)",8.43245697021484,8.84612655639648,8.6469841003418,8.94503879547119,9.07826519012451,,
"MEX","Mexico","9270000: General government final consumption expenditure","PPP (LCU per US$)",4.64889526367188,4.85263442993164,4.82863235473633,4.91508293151855,4.90683555603027,,
"MEB","Middle East & North Africa (Benchmark)","9270000: General government final consumption expenditure","PPP (LCU per US$)",,,,,,,
"MDA","Moldova","9270000: General government final consumption expenditure","PPP (LCU per US$)",2.34156584739685,2.89957737922668,2.76379323005676,2.81087493896484,3.16174340248108,,
"MNG","Mongolia","9270000: General government final consumption expenditure","PPP (LCU per US$)",357.525421142578,360.190155029297,367.75439453125,364.127532958984,382.568420410156,,
"MNE","Montenegro","9270000: General government final consumption expenditure","PPP (LCU per US$)",0.179364889860153,0.180859431624413,0.164108708500862,0.165039956569672,0.162840202450752,,
"MSR","Montserrat","9270000: General government final consumption expenditure","PPP (LCU per US$)",0.870733022689819,0.886008620262146,0.855026364326477,0.83246123790741,0.840276181697845,,
"MAR","Morocco","9270000: General government final consumption expenditure","PPP (LCU per US$)",3.10464644432068,3.17500472068787,3.0766966342926,2.77314352989197,2.93619227409363,,
"MOZ","Mozambique","9270000: General government final consumption expenditure","PPP (LCU per US$)",18.6073036193848,17.8380260467529,17.5834827423096,17.9326305389404,18.155143737793,,
"MMR","Myanmar","9270000: General government final consumption expenditure","PPP (LCU per US$)",209.041122436523,,,,,,
"NAM","Namibia","9270000: General government final consumption expenditure","PPP (LCU per US$)",5.01247835159302,5.12912702560425,4.98525953292847,4.80655813217163,4.61962080001831,,
"NPL","Nepal","9270000: General government final consumption expenditure","PPP (LCU per US$)",25.2940196990967,24.2508583068848,24.4018268585205,24.3441009521484,25.2957763671875,,
"NLD","Netherlands","9270000: General government final consumption expenditure","PPP (LCU per US$)",0.72637414932251,0.738343358039856,0.70685750246048,0.703514873981476,0.689080417156219,,
"NZL","New Zealand","9270000: General government final consumption expenditure","PPP (LCU per US$)",0.948540985584259,0.950192213058472,0.954259216785431,0.970874071121216,0.968790113925934,,
"NIC","Nicaragua","9270000: General government final consumption expenditure","PPP (LCU per US$)",5.69389724731445,5.4105978012085,5.29510021209717,5.0314507484436,5.0119686126709,,
"NER","Niger","9270000: General government final consumption expenditure","PPP (LCU per US$)",205.334762573242,203.0205078125,183.257904052734,176.501266479492,166.579315185547,,
"NGA","Nigeria","9270000: General government final consumption expenditure","PPP (LCU per US$)",55.4282913208008,57.010311126709,54.1354675292969,57.7348899841309,62.3989639282227,,
"NAB","North America (Benchmark)","9270000: General government final consumption expenditure","PPP (LCU per US$)",,,,,,,
"MKD","North Macedonia","9270000: General government final consumption expenditure","PPP (LCU per US$)",9.24327945709229,9.39440727233887,9.13474750518799,9.36612415313721,8.98510837554932,,
"NOR","Norway","9270000: General government final consumption expenditure","PPP (LCU per US$)",9.30574035644531,9.43108081817627,9.15690612792969,9.09938430786133,8.94318199157715,,
"OMN","Oman","9270000: General government final consumption expenditure","PPP (LCU per US$)",0.196508795022964,0.194877699017525,0.183663994073868,0.144522488117218,0.170092940330505,,
"PAK","Pakistan","9270000: General government final consumption expenditure","PPP (LCU per US$)",30.0485916137695,32.0788764953613,34.5217132568359,36.7687721252441,39.892017364502,,
"PAN","Panama","9270000: General government final consumption expenditure","PPP (LCU per US$)",0.286018848419189,0.297356456518173,0.293728440999985,0.293003529310226,0.306043535470963,,
"PRY","Paraguay","9270000: General government final consumption expenditure","PPP (LCU per US$)",1559.82482910156,1688.32336425781,1733.81091308594,1858.28698730469,2012.78662109375,,
"PER","Peru","9270000: General government final consumption expenditure","PPP (LCU per US$)",1.1725298166275,1.18699669837952,1.13972473144531,1.15358209609985,1.14658856391907,,
"PHL","Philippines","9270000: General government final consumption expenditure","PPP (LCU per US$)",15.3965625762939,15.4419775009155,14.877724647522,14.8656101226807,14.7077465057373,,
"POL","Poland","9270000: General government final consumption expenditure","PPP (LCU per US$)",1.08741497993469,1.12793433666229,1.08398377895355,1.09267663955688,1.09833216667175,,
"PRT","Portugal","9270000: General government final consumption expenditure","PPP (LCU per US$)",0.437584519386292,0.441915303468704,0.427753418684006,0.41527384519577,0.408158719539642,,
"PRI","Puerto Rico","9270000: General government final consumption expenditure","PPP (LCU per US$)",,,,,,,
"QAT","Qatar","9270000: General government final consumption expenditure","PPP (LCU per US$)",1.83978390693665,2.06503677368164,1.87509918212891,1.59030413627625,1.47705376148224,,
"ROU","Romania","9270000: General government final consumption expenditure","PPP (LCU per US$)",0.861590683460236,0.953816175460815,0.934194564819336,0.915270030498505,0.891674041748047,,
"RUT","Russian Federation","9270000: General government final consumption expenditure","PPP (LCU per US$)",12.1490516662598,14.1628303527832,12.859546661377,12.8649272918701,14.7381706237793,,
"RWA","Rwanda","9270000: General government final consumption expenditure","PPP (LCU per US$)",260.842468261719,256.853881835938,253.157424926758,268.930297851563,253.811782836914,,
"SMR","San Marino","9270000: General government final consumption expenditure","PPP (LCU per US$)",,,,,,,
"STP","Sao Tome and Principe","9270000: General government final consumption expenditure","PPP (LCU per US$)",4.40508604049683,4.25061893463135,3.95309853553772,3.98030090332031,3.7244017124176,,
"SAU","Saudi Arabia","9270000: General government final consumption expenditure","PPP (LCU per US$)",1.39187383651733,1.53032660484314,1.50012648105621,1.36342704296112,1.46879899501801,,
"SEN","Senegal","9270000: General government final consumption expenditure","PPP (LCU per US$)",189.865463256836,184.719909667969,172.536987304688,167.934066772461,157.569229125977,,
"SRB","Serbia","9270000: General government final consumption expenditure","PPP (LCU per US$)",18.460298538208,19.8093147277832,19.3739376068115,19.8538703918457,20.5148372650146,,
"SYC","Seychelles","9270000: General government final consumption expenditure","PPP (LCU per US$)",3.76302886009216,3.86558985710144,3.70145225524902,3.86602926254272,4.18368053436279,,
"SLE","Sierra Leone","9270000: General government final consumption expenditure","PPP (LCU per US$)",1526.12451171875,1774.76733398438,2067.47631835938,2405.67846679688,2703.94897460938,,
"SGP","Singapore","9270000: General government final consumption expenditure","PPP (LCU per US$)",0.730808019638062,0.740567326545715,0.726364374160767,0.713815629482269,0.689997851848602,,
"SXM","Sint Maarten","9270000: General government final consumption expenditure","PPP (LCU per US$)",0.93257611989975,,,,,,
"SVK","Slovak Republic","9270000: General government final consumption expenditure","PPP (LCU per US$)",0.301396399736404,0.325983315706253,0.30448043346405,0.306098759174347,0.304691523313522,,
"SVN","Slovenia","9270000: General government final consumption expenditure","PPP (LCU per US$)",0.432132393121719,0.448187410831451,0.42131444811821,0.412929743528366,0.422021627426147,,
"SOM","Somalia","9270000: General government final consumption expenditure","PPP (LCU per US$)",,,,,0.309429496526718,,
"ZAF","South Africa","9270000: General government final consumption expenditure","PPP (LCU per US$)",4.50943899154663,5.20048379898071,5.56940793991089,6.12763357162476,6.64781141281128,,
"SAB","South Asia (Benchmark)","9270000: General government final consumption expenditure","PPP (LCU per US$)",,,,,,,
"SSD","South Sudan","9270000: General government final consumption expenditure","PPP (LCU per US$)",,,,,37.1644134521484,,
"ESP","Spain","9270000: General government final consumption expenditure","PPP (LCU per US$)",0.53078681230545,0.538100719451904,0.500847995281219,0.515162229537964,0.499833524227142,,
"LKA","Sri Lanka","9270000: General government final consumption expenditure","PPP (LCU per US$)",24.502613067627,24.586633682251,24.1950912475586,27.3916416168213,28.4827938079834,,
"KNA","St. Kitts and Nevis","9270000: General government final consumption expenditure","PPP (LCU per US$)",0.862821161746979,0.867978930473328,0.823088884353638,0.787718057632446,0.782415926456451,,
"LCA","St. Lucia","9270000: General government final consumption expenditure","PPP (LCU per US$)",1.21110057830811,1.05171060562134,0.972573220729828,0.890355944633484,0.867104768753052,,
"VCT","St. Vincent and the Grenadines","9270000: General government final consumption expenditure","PPP (LCU per US$)",0.900246143341064,0.86555540561676,0.865092039108276,0.843710541725159,0.812721967697144,,
"SSB","Sub-Saharan Africa (Benchmark)","9270000: General government final consumption expenditure","PPP (LCU per US$)",,,,,,,
"SDN","Sudan","9270000: General government final consumption expenditure","PPP (LCU per US$)",1.50099420547485,1.96812438964844,3.13271236419678,11.2691211700439,35.2070388793945,,
"SUR","Suriname","9270000: General government final consumption expenditure","PPP (LCU per US$)",1.26665139198303,1.27712595462799,1.22604060173035,1.70865106582642,2.53669095039368,,
"SWE","Sweden","9270000: General government final consumption expenditure","PPP (LCU per US$)",8.16592979431152,8.40501308441162,7.84006118774414,7.81715726852417,7.48913192749023,,
"CHE","Switzerland","9270000: General government final consumption expenditure","PPP (LCU per US$)",1.33062326908112,1.33938562870026,1.23211753368378,1.19875431060791,1.14060139656067,,
"SYR","Syrian Arab Republic","9270000: General government final consumption expenditure","PPP (LCU per US$)",,,,,153.586791992188,,
"TWN","Taiwan, China","9270000: General government final consumption expenditure","PPP (LCU per US$)",11.1772556304932,11.2159032821655,10.7914552688599,10.6906394958496,10.4398965835571,,
"TJK","Tajikistan","9270000: General government final consumption expenditure","PPP (LCU per US$)",0.837316989898682,0.969030201435089,0.813113331794739,0.808464825153351,0.845912337303162,,
"TZA","Tanzania","9270000: General government final consumption expenditure","PPP (LCU per US$)",805.056091308594,775.005676269531,732.104309082031,704.809997558594,595.586364746094,,
"THA","Thailand","9270000: General government final consumption expenditure","PPP (LCU per US$)",9.23294448852539,8.94601631164551,8.41767024993896,8.06813049316406,7.6187629699707,,
"TLS","Timor-Leste","9270000: General government final consumption expenditure","PPP (LCU per US$)",,,,,,,
"TGO","Togo","9270000: General government final consumption expenditure","PPP (LCU per US$)",139.591583251953,139.493881225586,133.105316162109,130.999649047852,128.927932739258,,
"TTO","Trinidad and Tobago","9270000: General government final consumption expenditure","PPP (LCU per US$)",3.07555866241455,3.30724906921387,2.95183563232422,2.71479344367981,2.8489100933075,,
"TUN","Tunisia","9270000: General government final consumption expenditure","PPP (LCU per US$)",0.551622569561005,0.600252687931061,0.59568065404892,0.603326618671417,0.694401860237122,,
"TUR","Turkiye","9270000: General government final consumption expenditure","PPP (LCU per US$)",0.663448393344879,0.779522776603699,0.85862410068512,0.977815270423889,1.18698799610138,,
"TKM","Turkmenistan","9270000: General government final consumption expenditure","PPP (LCU per US$)",,,,,,,
"TCA","Turks and Caicos Islands","9270000: General government final consumption expenditure","PPP (LCU per US$)",0.659445762634277,,,,,,
"UGA","Uganda","9270000: General government final consumption expenditure","PPP (LCU per US$)",792.993347167969,789.939453125,769.960021972656,773.888854980469,746.164184570313,,
"UKR","Ukraine","9270000: General government final consumption expenditure","PPP (LCU per US$)",2.44332671165466,2.96901178359985,3.13308477401733,3.17775464057922,3.42882394790649,,
"ARE","United Arab Emirates","9270000: General government final consumption expenditure","PPP (LCU per US$)",2.21894931793213,2.12942409515381,1.9770359992981,1.71807944774628,2.19349265098572,,
"GBR","United Kingdom","9270000: General government final consumption expenditure","PPP (LCU per US$)",0.579480767250061,0.601560711860657,0.589728772640228,0.549921751022339,0.566595017910004,,
"USA","United States","9270000: General government final consumption expenditure","PPP (LCU per US$)",1,1,1,1,1,,
"UMB","Upper middle income (Benchmark)","9270000: General government final consumption expenditure","PPP (LCU per US$)",,,,,,,
"URY","Uruguay","9270000: General government final consumption expenditure","PPP (LCU per US$)",16.1115798950195,17.1709136962891,17.1996994018555,18.1105003356934,19.4376602172852,,
"UZB","Uzbekistan","9270000: General government final consumption expenditure","PPP (LCU per US$)",,,,,1099.69860839844,,
"VNM","Viet Nam","9270000: General government final consumption expenditure","PPP (LCU per US$)",4049.55078125,4038.64428710938,3922.02514648438,3970.22387695313,4040.95263671875,,
"VIR","Virgin Islands (U.S.)","9270000: General government final consumption expenditure","PPP (LCU per US$)",,,,,,,
"PSE","West Bank and Gaza","9270000: General government final consumption expenditure","PPP (LCU per US$)",1.38219320774078,1.31263983249664,1.23290205001831,1.06432521343231,1.20558989048004,,
"WLD","WORLD (Benchmark)","9270000: General government final consumption expenditure","PPP (LCU per US$)",,,,,,,
"ZMB","Zambia","9270000: General government final consumption expenditure","PPP (LCU per US$)",2.74453210830688,2.92825198173523,3.11859345436096,3.58005714416504,4.09792232513428,,
"ZWE","Zimbabwe","9270000: General government final consumption expenditure","PPP (LCU per US$)",0.392992526292801,0.634825468063354,0.304685741662979,0.247613802552223,0.232648894190788,,

Source: World Bank DataBank, ICP 2021 (source 90), downloaded 2026-10-10 via api.worldbank.org
